Connecticut,4/5/21,50310,50310
Maine,4/5/21,19890,19890
Massachusetts,4/5/21,95940,95940
New Hampshire,4/5/21,19890,19890
Rhode Island,4/5/21,15210,15210
Vermont,4/5/21,9360,9360
New Jersey,4/5/21,120510,120510
New York,4/5/21,153270,153270
New York City,4/5/21,117000,117000
Puerto Rico,4/5/21,47970,47970
U.S. Virgin Islands,4/5/21,2340,2340
Delaware,4/5/21,14040,14040
District of Columbia,4/5/21,10530,10530
Maryland,4/5/21,81900,81900
Pennsylvania,4/5/21,155610,155610
Philadelphia,4/5/21,22230,22230
Virginia,4/5/21,114660,114660
West Virginia,4/5/21,25740,25740
Alabama,4/5/21,66690,66690
Florida,4/5/21,286650,286650
Georgia,4/5/21,136890,136890
Kentucky,4/5/21,60840,60840
Mississippi,4/5/21,39780,39780
North Carolina,4/5/21,138060,138060
South Carolina,4/5/21,67860,67860
Tennessee,4/5/21,90090,90090
Chicago,4/5/21,37440,37440
Illinois,4/5/21,136890,136890
Indiana,4/5/21,88920,88920
Michigan,4/5/21,135720,135720
Minnesota,4/5/21,74880,74880
Ohio,4/5/21,157950,157950
Wisconsin,4/5/21,79560,79560
Arkansas,4/5/21,39780,39780
Louisiana,4/5/21,62010,62010
New Mexico,4/5/21,29250,29250
Oklahoma,4/5/21,52650,52650
Texas,4/5/21,359190,359190
Iowa,4/5/21,42120,42120
Kansas,4/5/21,38610,38610
Missouri,4/5/21,83070,83070
Nebraska,4/5/21,25740,25740
Colorado,4/5/21,74880,74880
Montana,4/5/21,15210,15210
North Dakota,4/5/21,10530,10530
South Dakota,4/5/21,11700,11700
Utah,4/5/21,37440,37440
Wyoming,4/5/21,8190,8190
Arizona,4/5/21,93600,93600
California,4/5/21,524160,524160
Hawaii,4/5/21,19890,19890
Nevada,4/5/21,39780,39780
American Samoa,4/5/21,0,0
Guam,4/5/21,0,0
Marshall Islands,4/5/21,0,0
Micronesia,4/5/21,0,0
Mariana Islands,4/5/21,0,0
Palau,4/5/21,0,0
Alaska,4/5/21,0,0
Idaho,4/5/21,22230,22230
Oregon,4/5/21,57330,57330
Washington,4/5/21,100620,100620
Federal Entities,4/5/21,243360,243360
Connecticut,3/29/21,60840,60840
Maine,3/29/21,23400,23400
Massachusetts,3/29/21,117000,117000
New Hampshire,3/29/21,23400,23400
Rhode Island,3/29/21,18720,18720
Vermont,3/29/21,11700,11700
New Jersey,3/29/21,148590,148590
New York,3/29/21,188370,188370
New York City,3/29/21,143910,143910
Puerto Rico,3/29/21,58500,58500
U.S. Virgin Islands,3/29/21,2340,2340
Delaware,3/29/21,16380,16380
District of Columbia,3/29/21,12870,12870
Maryland,3/29/21,100620,100620
Pennsylvania,3/29/21,190710,190710
Philadelphia,3/29/21,26910,26910
Virginia,3/29/21,140400,140400
West Virginia,3/29/21,31590,31590
Alabama,3/29/21,80730,80730
Florida,3/29/21,352170,352170
Georgia,3/29/21,167310,167310
Kentucky,3/29/21,73710,73710
Mississippi,3/29/21,49140,49140
North Carolina,3/29/21,168480,168480
South Carolina,3/29/21,83070,83070
Tennessee,3/29/21,111150,111150
Chicago,3/29/21,45630,45630
Illinois,3/29/21,167310,167310
Indiana,3/29/21,108810,108810
Michigan,3/29/21,166140,166140
Minnesota,3/29/21,91260,91260
Ohio,3/29/21,194220,194220
Wisconsin,3/29/21,97110,97110
Arkansas,3/29/21,49140,49140
Louisiana,3/29/21,77220,77220
New Mexico,3/29/21,35100,35100
Oklahoma,3/29/21,64350,64350
Texas,3/29/21,441090,441090
Iowa,3/29/21,51480,51480
Kansas,3/29/21,47970,47970
Missouri,3/29/21,101790,101790
Nebraska,3/29/21,31590,31590
Colorado,3/29/21,92430,92430
Montana,3/29/21,17550,17550
North Dakota,3/29/21,12870,12870
South Dakota,3/29/21,14040,14040
Utah,3/29/21,46800,46800
Wyoming,3/29/21,10530,10530
Arizona,3/29/21,114660,114660
California,3/29/21,644670,644670
Hawaii,3/29/21,24570,24570
Nevada,3/29/21,49140,49140
American Samoa,3/29/21,11700,0
Guam,3/29/21,25740,0
Marshall Islands,3/29/21,0,0
Micronesia,3/29/21,0,0
Mariana Islands,3/29/21,11700,0
Palau,3/29/21,0,0
Alaska,3/29/21,91260,79560
Idaho,3/29/21,26910,26910
Oregon,3/29/21,70200,70200
Washington,3/29/21,122850,122850
Federal Entities,3/29/21,201240,201240
Connecticut,3/22/21,50310,50310
Maine,3/22/21,19890,19890
Massachusetts,3/22/21,95940,95940
New Hampshire,3/22/21,19890,19890
Rhode Island,3/22/21,15210,15210
Vermont,3/22/21,9360,9360
New Jersey,3/22/21,120510,120510
New York,3/22/21,153270,153270
New York City,3/22/21,117000,117000
Puerto Rico,3/22/21,47970,47970
U.S. Virgin Islands,3/22/21,2340,2340
Delaware,3/22/21,14040,14040
District of Columbia,3/22/21,10530,10530
Maryland,3/22/21,81900,81900
Pennsylvania,3/22/21,155610,155610
Philadelphia,3/22/21,22230,22230
Virginia,3/22/21,114660,114660
West Virginia,3/22/21,25740,25740
Alabama,3/22/21,66690,66690
Florida,3/22/21,286650,286650
Georgia,3/22/21,136890,136890
Kentucky,3/22/21,60840,60840
Mississippi,3/22/21,39780,39780
North Carolina,3/22/21,138060,138060
South Carolina,3/22/21,67860,67860
Tennessee,3/22/21,90090,90090
Chicago,3/22/21,37440,37440
Illinois,3/22/21,136890,136890
Indiana,3/22/21,88920,88920
Michigan,3/22/21,135720,135720
Minnesota,3/22/21,74880,74880
Ohio,3/22/21,157950,157950
Wisconsin,3/22/21,79560,79560
Arkansas,3/22/21,39780,39780
Louisiana,3/22/21,62010,62010
New Mexico,3/22/21,29250,29250
Oklahoma,3/22/21,52650,52650
Texas,3/22/21,359190,359190
Iowa,3/22/21,42120,42120
Kansas,3/22/21,38610,38610
Missouri,3/22/21,83070,83070
Nebraska,3/22/21,25740,25740
Colorado,3/22/21,74880,74880
Montana,3/22/21,15210,15210
North Dakota,3/22/21,10530,10530
South Dakota,3/22/21,11700,11700
Utah,3/22/21,37440,37440
Wyoming,3/22/21,8190,8190
Arizona,3/22/21,93600,93600
California,3/22/21,524160,524160
Hawaii,3/22/21,19890,19890
Nevada,3/22/21,39780,39780
American Samoa,3/22/21,0,0
Guam,3/22/21,0,0
Marshall Islands,3/22/21,0,0
Micronesia,3/22/21,0,0
Mariana Islands,3/22/21,0,0
Palau,3/22/21,0,0
Alaska,3/22/21,0,0
Idaho,3/22/21,22230,22230
Oregon,3/22/21,57330,57330
Washington,3/22/21,100620,100620
Federal Entities,3/22/21,195390,195390
Connecticut,3/15/21,49140,49140
Maine,3/15/21,18720,18720
Massachusetts,3/15/21,93600,93600
New Hampshire,3/15/21,18720,18720
Rhode Island,3/15/21,15210,15210
Vermont,3/15/21,9360,9360
New Jersey,3/15/21,119340,119340
New York,3/15/21,150930,150930
New York City,3/15/21,114660,114660
Puerto Rico,3/15/21,46800,46800
U.S. Virgin Islands,3/15/21,2340,2340
Delaware,3/15/21,12870,12870
District of Columbia,3/15/21,10530,10530
Maryland,3/15/21,80730,80730
Pennsylvania,3/15/21,153270,153270
Philadelphia,3/15/21,22230,22230
Virginia,3/15/21,112320,112320
West Virginia,3/15/21,25740,25740
Alabama,3/15/21,65520,65520
Florida,3/15/21,281970,281970
Georgia,3/15/21,134550,134550
Kentucky,3/15/21,59670,59670
Mississippi,3/15/21,39780,39780
North Carolina,3/15/21,135720,135720
South Carolina,3/15/21,66690,66690
Tennessee,3/15/21,88920,88920
Chicago,3/15/21,36270,36270
Illinois,3/15/21,134550,134550
Indiana,3/15/21,87750,87750
Michigan,3/15/21,133380,133380
Minnesota,3/15/21,73710,73710
Ohio,3/15/21,155610,155610
Wisconsin,3/15/21,78390,78390
Arkansas,3/15/21,39780,39780
Louisiana,3/15/21,62010,62010
New Mexico,3/15/21,28080,28080
Oklahoma,3/15/21,51480,51480
Texas,3/15/21,353340,353340
Iowa,3/15/21,42120,42120
Kansas,3/15/21,38610,38610
Missouri,3/15/21,80730,80730
Nebraska,3/15/21,25740,25740
Colorado,3/15/21,73710,73710
Montana,3/15/21,14040,14040
North Dakota,3/15/21,10530,10530
South Dakota,3/15/21,11700,11700
Utah,3/15/21,37440,37440
Wyoming,3/15/21,8190,8190
Arizona,3/15/21,92430,92430
California,3/15/21,515970,515970
Hawaii,3/15/21,19890,19890
Nevada,3/15/21,38610,38610
American Samoa,3/15/21,0,0
Guam,3/15/21,0,0
Marshall Islands,3/15/21,0,0
Micronesia,3/15/21,0,0
Mariana Islands,3/15/21,0,0
Palau,3/15/21,0,0
Alaska,3/15/21,0,0
Idaho,3/15/21,22230,22230
Oregon,3/15/21,56160,56160
Washington,3/15/21,98280,98280
Federal Entities,3/15/21,182520,182520
Connecticut,3/8/21,45630,45630
Maine,3/8/21,17550,17550
Massachusetts,3/8/21,87750,87750
New Hampshire,3/8/21,17550,17550
Rhode Island,3/8/21,14040,14040
Vermont,3/8/21,8190,8190
New Jersey,3/8/21,111150,111150
New York,3/8/21,140400,140400
New York City,3/8/21,106470,106470
Puerto Rico,3/8/21,43290,43290
U.S. Virgin Islands,3/8/21,2340,2340
Delaware,3/8/21,12870,12870
District of Columbia,3/8/21,9360,9360
Maryland,3/8/21,74880,74880
Pennsylvania,3/8/21,141570,141570
Philadelphia,3/8/21,19890,19890
Virginia,3/8/21,105300,105300
West Virginia,3/8/21,23400,23400
Alabama,3/8/21,60840,60840
Florida,3/8/21,262080,262080
Georgia,3/8/21,125190,125190
Kentucky,3/8/21,54990,54990
Mississippi,3/8/21,36270,36270
North Carolina,3/8/21,126360,126360
South Carolina,3/8/21,62010,62010
Tennessee,3/8/21,83070,83070
Chicago,3/8/21,33930,33930
Illinois,3/8/21,125190,125190
Indiana,3/8/21,80730,80730
Michigan,3/8/21,124020,124020
Minnesota,3/8/21,67860,67860
Ohio,3/8/21,143910,143910
Wisconsin,3/8/21,72540,72540
Arkansas,3/8/21,37440,37440
Louisiana,3/8/21,57330,57330
New Mexico,3/8/21,25740,25740
Oklahoma,3/8/21,47970,47970
Texas,3/8/21,328770,328770
Iowa,3/8/21,38610,38610
Kansas,3/8/21,35100,35100
Missouri,3/8/21,76050,76050
Nebraska,3/8/21,23400,23400
Colorado,3/8/21,69030,69030
Montana,3/8/21,14040,14040
North Dakota,3/8/21,10530,10530
South Dakota,3/8/21,10530,10530
Utah,3/8/21,35100,35100
Wyoming,3/8/21,8190,8190
Arizona,3/8/21,85410,85410
California,3/8/21,479700,479700
Hawaii,3/8/21,18720,18720
Nevada,3/8/21,36270,36270
American Samoa,3/8/21,0,0
Guam,3/8/21,0,0
Marshall Islands,3/8/21,0,0
Micronesia,3/8/21,0,0
Mariana Islands,3/8/21,0,0
Palau,3/8/21,0,0
Alaska,3/8/21,0,0
Idaho,3/8/21,19890,19890
Oregon,3/8/21,51480,51480
Washington,3/8/21,91260,91260
Federal Entities,3/8/21,230490,221130
Alabama,3/1/21,54990,54990
Alaska,3/1/21,53820,53820
American Samoa,3/1/21,9360,0
Arizona,3/1/21,78390,78390
Arkansas,3/1/21,33930,33930
California,3/1/21,438750,438750
Chicago,3/1/21,31590,31590
Colorado,3/1/21,63180,63180
Connecticut,3/1/21,42120,42120
Delaware,3/1/21,11700,11700
District of Columbia,3/1/21,9360,9360
Federal Entities,3/1/21,209430,190710
Florida,3/1/21,239850,239850
Georgia,3/1/21,114660,114660
Guam,3/1/21,21060,0
Hawaii,3/1/21,16380,16380
Idaho,3/1/21,18720,18720
Illinois,3/1/21,114660,114660
Indiana,3/1/21,74880,74880
Iowa,3/1/21,35100,35100
Kansas,3/1/21,32760,32760
Kentucky,3/1/21,50310,50310
Louisiana,3/1/21,52650,52650
Maine,3/1/21,16380,16380
Mariana Islands,3/1/21,9360,0
Marshall Islands,3/1/21,0,0
Maryland,3/1/21,69030,69030
Massachusetts,3/1/21,79560,79560
Michigan,3/1/21,113490,113490
Micronesia,3/1/21,0,0
Minnesota,3/1/21,62010,62010
Mississippi,3/1/21,33930,33930
Missouri,3/1/21,69030,69030
Montana,3/1/21,12870,12870
Nebraska,3/1/21,22230,22230
Nevada,3/1/21,33930,33930
New Hampshire,3/1/21,16380,16380
New Jersey,3/1/21,101790,101790
New Mexico,3/1/21,24570,24570
New York,3/1/21,128700,128700
New York City,3/1/21,98280,98280
North Carolina,3/1/21,115830,115830
North Dakota,3/1/21,9360,9360
Ohio,3/1/21,132210,132210
Oklahoma,3/1/21,43290,43290
Oregon,3/1/21,47970,47970
Palau,3/1/21,0,0
Pennsylvania,3/1/21,129870,129870
Philadelphia,3/1/21,18720,18720
Puerto Rico,3/1/21,39780,39780
Rhode Island,3/1/21,12870,12870
South Carolina,3/1/21,57330,57330
South Dakota,3/1/21,10530,10530
Tennessee,3/1/21,76050,76050
Texas,3/1/21,300690,300690
U.S. Virgin Islands,3/1/21,2340,2340
Utah,3/1/21,31590,31590
Vermont,3/1/21,8190,8190
Virginia,3/1/21,95940,95940
Washington,3/1/21,84240,84240
West Virginia,3/1/21,22230,22230
Wisconsin,3/1/21,66690,66690
Wyoming,3/1/21,7020,7020
Alabama,2/22/21,47970,47970
Alaska,2/22/21,0,0
American Samoa,2/22/21,0,0
Arizona,2/22/21,69030,69030
Arkansas,2/22/21,29250,29250
California,2/22/21,382590,382590
Chicago,2/22/21,26910,26910
Colorado,2/22/21,54990,54990
Connecticut,2/22/21,36270,36270
Delaware,2/22/21,10530,10530
District of Columbia,2/22/21,8190,8190
Federal Entities,2/22/21,166140,166140
Florida,2/22/21,209430,209430
Georgia,2/22/21,99450,99450
Guam,2/22/21,0,0
Hawaii,2/22/21,15210,15210
Idaho,2/22/21,16380,16380
Illinois,2/22/21,99450,99450
Indiana,2/22/21,64350,64350
Iowa,2/22/21,31590,31590
Kansas,2/22/21,28080,28080
Kentucky,2/22/21,44460,44460
Louisiana,2/22/21,45630,45630
Maine,2/22/21,14040,14040
Mariana Islands,2/22/21,0,0
Marshall Islands,2/22/21,0,0
Maryland,2/22/21,59670,59670
Massachusetts,2/22/21,70200,70200
Michigan,2/22/21,99450,99450
Micronesia,2/22/21,0,0
Minnesota,2/22/21,54990,54990
Mississippi,2/22/21,29250,29250
Missouri,2/22/21,60840,60840
Montana,2/22/21,10530,10530
Nebraska,2/22/21,18720,18720
Nevada,2/22/21,29250,29250
New Hampshire,2/22/21,14040,14040
New Jersey,2/22/21,88920,88920
New Mexico,2/22/21,21060,21060
New York,2/22/21,112320,112320
New York City,2/22/21,85410,85410
North Carolina,2/22/21,100620,100620
North Dakota,2/22/21,8190,8190
Ohio,2/22/21,115830,115830
Oklahoma,2/22/21,38610,38610
Oregon,2/22/21,42120,42120
Palau,2/22/21,0,0
Pennsylvania,2/22/21,113490,113490
Philadelphia,2/22/21,16380,16380
Puerto Rico,2/22/21,35100,35100
Rhode Island,2/22/21,11700,11700
South Carolina,2/22/21,49140,49140
South Dakota,2/22/21,9360,9360
Tennessee,2/22/21,65520,65520
Texas,2/22/21,262080,262080
U.S. Virgin Islands,2/22/21,1170,1170
Utah,2/22/21,28080,28080
Vermont,2/22/21,7020,7020
Virginia,2/22/21,84240,84240
Washington,2/22/21,73710,73710
West Virginia,2/22/21,18720,18720
Wisconsin,2/22/21,58500,58500
Wyoming,2/22/21,5850,5850
Alabama,2/15/21,30225,30225
Alaska,2/15/21,0,0
American Samoa,2/15/21,0,0
Arizona,2/15/21,42900,42900
Arkansas,2/15/21,18525,18525
California,2/15/21,241800,241800
Chicago,2/15/21,17550,17550
Colorado,2/15/21,35100,35100
Connecticut,2/15/21,23400,23400
Delaware,2/15/21,6825,6825
District of Columbia,2/15/21,4875,4875
Federal Entities,2/15/21,105300,105300
Florida,2/15/21,132600,132600
Georgia,2/15/21,63375,63375
Guam,2/15/21,0,0
Hawaii,2/15/21,9750,9750
Idaho,2/15/21,10725,10725
Illinois,2/15/21,63375,63375
Indiana,2/15/21,40950,40950
Iowa,2/15/21,19500,19500
Kansas,2/15/21,18525,18525
Kentucky,2/15/21,28275,28275
Louisiana,2/15/21,29250,29250
Maine,2/15/21,8775,8775
Mariana Islands,2/15/21,0,0
Marshall Islands,2/15/21,0,0
Maryland,2/15/21,38025,38025
Massachusetts,2/15/21,43875,43875
Michigan,2/15/21,62400,62400
Micronesia,2/15/21,0,0
Minnesota,2/15/21,34125,34125
Mississippi,2/15/21,18525,18525
Missouri,2/15/21,38025,38025
Montana,2/15/21,6825,6825
Nebraska,2/15/21,11700,11700
Nevada,2/15/21,18525,18525
New Hampshire,2/15/21,8775,8775
New Jersey,2/15/21,55575,55575
New Mexico,2/15/21,13650,13650
New York,2/15/21,71175,71175
New York City,2/15/21,53625,53625
North Carolina,2/15/21,63375,63375
North Dakota,2/15/21,4875,4875
Ohio,2/15/21,73125,73125
Oklahoma,2/15/21,24375,24375
Oregon,2/15/21,26325,26325
Palau,2/15/21,0,0
Pennsylvania,2/15/21,71175,71175
Philadelphia,2/15/21,10725,10725
Puerto Rico,2/15/21,22425,22425
Rhode Island,2/15/21,6825,6825
South Carolina,2/15/21,31200,31200
South Dakota,2/15/21,5850,5850
Tennessee,2/15/21,41925,41925
Texas,2/15/21,165750,165750
U.S. Virgin Islands,2/15/21,975,975
Utah,2/15/21,17550,17550
Vermont,2/15/21,4875,4875
Virginia,2/15/21,52650,52650
Washington,2/15/21,46800,46800
West Virginia,2/15/21,11700,11700
Wisconsin,2/15/21,37050,37050
Wyoming,2/15/21,3900,3900
Alabama,2/8/21,30225,30225
Alaska,2/8/21,0,0
American Samoa,2/8/21,0,0
Arizona,2/8/21,42900,42900
Arkansas,2/8/21,18525,18525
California,2/8/21,241800,241800
Chicago,2/8/21,17550,17550
Colorado,2/8/21,35100,35100
Connecticut,2/8/21,23400,23400
Delaware,2/8/21,6825,6825
District of Columbia,2/8/21,4875,4875
Federal Entities,2/8/21,105300,105300
Florida,2/8/21,132600,132600
Georgia,2/8/21,63375,63375
Guam,2/8/21,0,0
Hawaii,2/8/21,9750,9750
Idaho,2/8/21,10725,10725
Illinois,2/8/21,63375,63375
Indiana,2/8/21,40950,40950
Iowa,2/8/21,19500,19500
Kansas,2/8/21,18525,18525
Kentucky,2/8/21,28275,28275
Louisiana,2/8/21,29250,29250
Maine,2/8/21,8775,8775
Mariana Islands,2/8/21,0,0
Marshall Islands,2/8/21,0,0
Maryland,2/8/21,38025,38025
Massachusetts,2/8/21,43875,43875
Michigan,2/8/21,62400,62400
Micronesia,2/8/21,0,0
Minnesota,2/8/21,34125,34125
Mississippi,2/8/21,18525,18525
Missouri,2/8/21,38025,38025
Montana,2/8/21,6825,6825
Nebraska,2/8/21,11700,11700
Nevada,2/8/21,18525,18525
New Hampshire,2/8/21,8775,8775
New Jersey,2/8/21,55575,55575
New Mexico,2/8/21,13650,13650
New York,2/8/21,71175,71175
New York City,2/8/21,53625,53625
North Carolina,2/8/21,63375,63375
North Dakota,2/8/21,4875,4875
Ohio,2/8/21,73125,73125
Oklahoma,2/8/21,24375,24375
Oregon,2/8/21,26325,26325
Palau,2/8/21,0,0
Pennsylvania,2/8/21,71175,71175
Philadelphia,2/8/21,10725,10725
Puerto Rico,2/8/21,22425,22425
Rhode Island,2/8/21,6825,6825
South Carolina,2/8/21,31200,31200
South Dakota,2/8/21,5850,5850
Tennessee,2/8/21,41925,41925
Texas,2/8/21,165750,165750
U.S. Virgin Islands,2/8/21,975,975
Utah,2/8/21,17550,17550
Vermont,2/8/21,4875,4875
Virginia,2/8/21,52650,52650
Washington,2/8/21,46800,46800
West Virginia,2/8/21,11700,11700
Wisconsin,2/8/21,37050,37050
Wyoming,2/8/21,3900,3900
Alabama,2/1/21,30225,30225
Alaska,2/1/21,27300,27300
American Samoa,2/1/21,7800,0
Arizona,2/1/21,42900,42900
Arkansas,2/1/21,18525,18525
California,2/1/21,240825,240825
Chicago,2/1/21,17550,17550
Colorado,2/1/21,34125,34125
Connecticut,2/1/21,23400,23400
Delaware,2/1/21,6825,6825
District of Columbia,2/1/21,4875,4875
Federal Entities,2/1/21,119925,104325
Florida,2/1/21,131625,131625
Georgia,2/1/21,62400,62400
Guam,2/1/21,7800,0
Hawaii,2/1/21,9750,9750
Idaho,2/1/21,10725,10725
Illinois,2/1/21,62400,62400
Indiana,2/1/21,40950,40950
Iowa,2/1/21,19500,19500
Kansas,2/1/21,17550,17550
Kentucky,2/1/21,28275,28275
Louisiana,2/1/21,29250,29250
Maine,2/1/21,8775,8775
Mariana Islands,2/1/21,7800,0
Marshall Islands,2/1/21,0,0
Maryland,2/1/21,38025,38025
Massachusetts,2/1/21,43875,43875
Michigan,2/1/21,62400,62400
Micronesia,2/1/21,0,0
Minnesota,2/1/21,34125,34125
Mississippi,2/1/21,18525,18525
Missouri,2/1/21,38025,38025
Montana,2/1/21,6825,6825
Nebraska,2/1/21,11700,11700
Nevada,2/1/21,18525,18525
New Hampshire,2/1/21,8775,8775
New Jersey,2/1/21,55575,55575
New Mexico,2/1/21,13650,13650
New York,2/1/21,70200,70200
New York City,2/1/21,53625,53625
North Carolina,2/1/21,63375,63375
North Dakota,2/1/21,4875,4875
Ohio,2/1/21,72150,72150
Oklahoma,2/1/21,24375,24375
Oregon,2/1/21,26325,26325
Palau,2/1/21,0,0
Pennsylvania,2/1/21,71175,71175
Philadelphia,2/1/21,10725,10725
Puerto Rico,2/1/21,22425,22425
Rhode Island,2/1/21,6825,6825
South Carolina,2/1/21,31200,31200
South Dakota,2/1/21,5850,5850
Tennessee,2/1/21,41925,41925
Texas,2/1/21,164775,164775
U.S. Virgin Islands,2/1/21,975,975
Utah,2/1/21,17550,17550
Vermont,2/1/21,4875,4875
Virginia,2/1/21,52650,52650
Washington,2/1/21,45825,45825
West Virginia,2/1/21,11700,11700
Wisconsin,2/1/21,36075,36075
Wyoming,2/1/21,3900,3900
Alabama,1/25/21,30225,30225
Alaska,1/25/21,0,0
American Samoa,1/25/21,0,0
Arizona,1/25/21,42900,42900
Arkansas,1/25/21,18525,18525
California,1/25/21,241800,241800
Chicago,1/25/21,17550,17550
Colorado,1/25/21,35100,35100
Connecticut,1/25/21,23400,23400
Delaware,1/25/21,6825,6825
District of Columbia,1/25/21,4875,4875
Federal Entities,1/25/21,105300,105300
Florida,1/25/21,132600,132600
Georgia,1/25/21,63375,63375
Guam,1/25/21,0,0
Hawaii,1/25/21,9750,9750
Idaho,1/25/21,10725,10725
Illinois,1/25/21,63375,63375
Indiana,1/25/21,40950,40950
Iowa,1/25/21,19500,19500
Kansas,1/25/21,18525,18525
Kentucky,1/25/21,28275,28275
Louisiana,1/25/21,29250,29250
Maine,1/25/21,8775,8775
Mariana Islands,1/25/21,0,0
Marshall Islands,1/25/21,0,0
Maryland,1/25/21,38025,38025
Massachusetts,1/25/21,43875,43875
Michigan,1/25/21,62400,62400
Micronesia,1/25/21,0,0
Minnesota,1/25/21,34125,34125
Mississippi,1/25/21,18525,18525
Missouri,1/25/21,38025,38025
Montana,1/25/21,6825,6825
Nebraska,1/25/21,11700,11700
Nevada,1/25/21,18525,18525
New Hampshire,1/25/21,8775,8775
New Jersey,1/25/21,55575,55575
New Mexico,1/25/21,13650,13650
New York,1/25/21,71175,71175
New York City,1/25/21,53625,53625
North Carolina,1/25/21,63375,63375
North Dakota,1/25/21,4875,4875
Ohio,1/25/21,73125,73125
Oklahoma,1/25/21,24375,24375
Oregon,1/25/21,26325,26325
Palau,1/25/21,0,0
Pennsylvania,1/25/21,71175,71175
Philadelphia,1/25/21,10725,10725
Puerto Rico,1/25/21,22425,22425
Rhode Island,1/25/21,6825,6825
South Carolina,1/25/21,31200,31200
South Dakota,1/25/21,5850,5850
Tennessee,1/25/21,41925,41925
Texas,1/25/21,165750,165750
U.S. Virgin Islands,1/25/21,975,975
Utah,1/25/21,17550,17550
Vermont,1/25/21,4875,4875
Virginia,1/25/21,52650,52650
Washington,1/25/21,46800,46800
West Virginia,1/25/21,11700,11700
Wisconsin,1/25/21,37050,37050
Wyoming,1/25/21,3900,3900
Alabama,1/18/21,30225,30225
Alaska,1/18/21,0,0
American Samoa,1/18/21,0,0
Arizona,1/18/21,42900,42900
Arkansas,1/18/21,18525,18525
California,1/18/21,241800,241800
Chicago,1/18/21,17550,17550
Colorado,1/18/21,35100,35100
Connecticut,1/18/21,23400,23400
Delaware,1/18/21,6825,6825
District of Columbia,1/18/21,4875,4875
Federal Entities,1/18/21,105300,105300
Florida,1/18/21,132600,132600
Georgia,1/18/21,63375,63375
Guam,1/18/21,0,0
Hawaii,1/18/21,9750,9750
Idaho,1/18/21,10725,10725
Illinois,1/18/21,63375,63375
Indiana,1/18/21,40950,40950
Iowa,1/18/21,19500,19500
Kansas,1/18/21,18525,18525
Kentucky,1/18/21,28275,28275
Louisiana,1/18/21,29250,29250
Maine,1/18/21,8775,8775
Mariana Islands,1/18/21,0,0
Marshall Islands,1/18/21,0,0
Maryland,1/18/21,38025,38025
Massachusetts,1/18/21,43875,43875
Michigan,1/18/21,62400,62400
Micronesia,1/18/21,0,0
Minnesota,1/18/21,34125,34125
Mississippi,1/18/21,18525,18525
Missouri,1/18/21,38025,38025
Montana,1/18/21,6825,6825
Nebraska,1/18/21,11700,11700
Nevada,1/18/21,18525,18525
New Hampshire,1/18/21,8775,8775
New Jersey,1/18/21,55575,55575
New Mexico,1/18/21,13650,13650
New York,1/18/21,71175,71175
New York City,1/18/21,53625,53625
North Carolina,1/18/21,63375,63375
North Dakota,1/18/21,4875,4875
Ohio,1/18/21,73125,73125
Oklahoma,1/18/21,24375,24375
Oregon,1/18/21,26325,26325
Palau,1/18/21,0,0
Pennsylvania,1/18/21,71175,71175
Philadelphia,1/18/21,10725,10725
Puerto Rico,1/18/21,22425,22425
Rhode Island,1/18/21,6825,6825
South Carolina,1/18/21,31200,31200
South Dakota,1/18/21,5850,5850
Tennessee,1/18/21,41925,41925
Texas,1/18/21,165750,165750
U.S. Virgin Islands,1/18/21,975,975
Utah,1/18/21,17550,17550
Vermont,1/18/21,4875,4875
Virginia,1/18/21,52650,52650
Washington,1/18/21,46800,46800
West Virginia,1/18/21,11700,11700
Wisconsin,1/18/21,37050,37050
Wyoming,1/18/21,3900,3900
Alabama,1/11/21,29250,29250
Alaska,1/11/21,0,0
American Samoa,1/11/21,0,0
Arizona,1/11/21,41925,41925
Arkansas,1/11/21,18525,18525
California,1/11/21,233025,233025
Chicago,1/11/21,16575,16575
Colorado,1/11/21,33150,33150
Connecticut,1/11/21,22425,22425
Delaware,1/11/21,5850,5850
District of Columbia,1/11/21,4875,4875
Federal Entities,1/11/21,102375,102375
Florida,1/11/21,127725,127725
Georgia,1/11/21,60450,60450
Guam,1/11/21,0,0
Hawaii,1/11/21,8775,8775
Idaho,1/11/21,9750,9750
Illinois,1/11/21,60450,60450
Indiana,1/11/21,39975,39975
Iowa,1/11/21,19500,19500
Kansas,1/11/21,17550,17550
Kentucky,1/11/21,27300,27300
Louisiana,1/11/21,28275,28275
Maine,1/11/21,8775,8775
Mariana Islands,1/11/21,0,0
Marshall Islands,1/11/21,0,0
Maryland,1/11/21,36075,36075
Massachusetts,1/11/21,42900,42900
Michigan,1/11/21,60450,60450
Micronesia,1/11/21,0,0
Minnesota,1/11/21,33150,33150
Mississippi,1/11/21,17550,17550
Missouri,1/11/21,37050,37050
Montana,1/11/21,6825,6825
Nebraska,1/11/21,11700,11700
Nevada,1/11/21,17550,17550
New Hampshire,1/11/21,8775,8775
New Jersey,1/11/21,53625,53625
New Mexico,1/11/21,12675,12675
New York,1/11/21,68250,68250
New York City,1/11/21,51675,51675
North Carolina,1/11/21,61425,61425
North Dakota,1/11/21,4875,4875
Ohio,1/11/21,70200,70200
Oklahoma,1/11/21,23400,23400
Oregon,1/11/21,25350,25350
Palau,1/11/21,0,0
Pennsylvania,1/11/21,69225,69225
Philadelphia,1/11/21,9750,9750
Puerto Rico,1/11/21,21450,21450
Rhode Island,1/11/21,6825,6825
South Carolina,1/11/21,30225,30225
South Dakota,1/11/21,5850,5850
Tennessee,1/11/21,39975,39975
Texas,1/11/21,159900,159900
U.S. Virgin Islands,1/11/21,975,975
Utah,1/11/21,16575,16575
Vermont,1/11/21,4875,4875
Virginia,1/11/21,50700,50700
Washington,1/11/21,57525,57525
West Virginia,1/11/21,11700,11700
Wisconsin,1/11/21,35100,35100
Wyoming,1/11/21,3900,3900
Alabama,1/4/21,29250,29250
Alaska,1/4/21,27300,27300
American Samoa,1/4/21,7800,0
Arizona,1/4/21,41925,41925
Arkansas,1/4/21,18525,18525
California,1/4/21,232050,232050
Chicago,1/4/21,16575,16575
Colorado,1/4/21,33150,33150
Connecticut,1/4/21,22425,22425
Delaware,1/4/21,5850,5850
District of Columbia,1/4/21,4875,4875
Federal Entities,1/4/21,117000,101400
Florida,1/4/21,126750,126750
Georgia,1/4/21,60450,60450
Guam,1/4/21,7800,0
Hawaii,1/4/21,8775,8775
Idaho,1/4/21,9750,9750
Illinois,1/4/21,60450,60450
Indiana,1/4/21,39000,39000
Iowa,1/4/21,18525,18525
Kansas,1/4/21,17550,17550
Kentucky,1/4/21,27300,27300
Louisiana,1/4/21,28275,28275
Maine,1/4/21,8775,8775
Mariana Islands,1/4/21,7800,0
Marshall Islands,1/4/21,0,0
Maryland,1/4/21,36075,36075
Massachusetts,1/4/21,42900,42900
Michigan,1/4/21,60450,60450
Micronesia,1/4/21,0,0
Minnesota,1/4/21,33150,33150
Mississippi,1/4/21,17550,17550
Missouri,1/4/21,37050,37050
Montana,1/4/21,6825,6825
Nebraska,1/4/21,11700,11700
Nevada,1/4/21,17550,17550
New Hampshire,1/4/21,8775,8775
New Jersey,1/4/21,53625,53625
New Mexico,1/4/21,12675,12675
New York,1/4/21,68250,68250
New York City,1/4/21,51675,51675
North Carolina,1/4/21,61425,61425
North Dakota,1/4/21,4875,4875
Ohio,1/4/21,70200,70200
Oklahoma,1/4/21,23400,23400
Oregon,1/4/21,25350,25350
Palau,1/4/21,0,0
Pennsylvania,1/4/21,69225,69225
Philadelphia,1/4/21,9750,9750
Puerto Rico,1/4/21,21450,21450
Rhode Island,1/4/21,6825,6825
South Carolina,1/4/21,30225,30225
South Dakota,1/4/21,5850,5850
Tennessee,1/4/21,39975,39975
Texas,1/4/21,158925,158925
U.S. Virgin Islands,1/4/21,975,975
Utah,1/4/21,16575,16575
Vermont,1/4/21,3900,3900
Virginia,1/4/21,50700,50700
Washington,1/4/21,44850,44850
West Virginia,1/4/21,11700,11700
Wisconsin,1/4/21,35100,35100
Wyoming,1/4/21,3900,3900
Alabama,12/28/20,38025,38025
Alaska,12/28/20,0,0
American Samoa,12/28/20,0,0
Arizona,12/28/20,53625,53625
Arkansas,12/28/20,23400,23400
California,12/28/20,297375,297375
Chicago,12/28/20,21450,21450
Colorado,12/28/20,42900,42900
Connecticut,12/28/20,28275,28275
Delaware,12/28/20,7800,7800
District of Columbia,12/28/20,5850,5850
Federal Entities,12/28/20,128700,128700
Florida,12/28/20,162825,162825
Georgia,12/28/20,77025,77025
Guam,12/28/20,0,0
Hawaii,12/28/20,11700,11700
Idaho,12/28/20,12675,12675
Illinois,12/28/20,78000,78000
Indiana,12/28/20,50700,50700
Iowa,12/28/20,24375,24375
Kansas,12/28/20,22425,22425
Kentucky,12/28/20,34125,34125
Louisiana,12/28/20,36075,36075
Maine,12/28/20,10725,10725
Mariana Islands,12/28/20,0,0
Marshall Islands,12/28/20,0,0
Maryland,12/28/20,46800,46800
Massachusetts,12/28/20,54600,54600
Michigan,12/28/20,77025,77025
Micronesia,12/28/20,0,0
Minnesota,12/28/20,42900,42900
Mississippi,12/28/20,22425,22425
Missouri,12/28/20,46800,46800
Montana,12/28/20,8775,8775
Nebraska,12/28/20,14625,14625
Nevada,12/28/20,22425,22425
New Hampshire,12/28/20,10725,10725
New Jersey,12/28/20,68250,68250
New Mexico,12/28/20,16575,16575
New York,12/28/20,87750,87750
New York City,12/28/20,66300,66300
North Carolina,12/28/20,78000,78000
North Dakota,12/28/20,5850,5850
Ohio,12/28/20,89700,89700
Oklahoma,12/28/20,29250,29250
Oregon,12/28/20,32175,32175
Palau,12/28/20,0,0
Pennsylvania,12/28/20,88725,88725
Philadelphia,12/28/20,12675,12675
Puerto Rico,12/28/20,27300,27300
Rhode Island,12/28/20,8775,8775
South Carolina,12/28/20,39000,39000
South Dakota,12/28/20,6825,6825
Tennessee,12/28/20,51675,51675
Texas,12/28/20,203775,203775
U.S. Virgin Islands,12/28/20,975,975
Utah,12/28/20,21450,21450
Vermont,12/28/20,5850,5850
Virginia,12/28/20,65325,65325
Washington,12/28/20,57525,57525
West Virginia,12/28/20,14625,14625
Wisconsin,12/28/20,44850,44850
Wyoming,12/28/20,4875,4875
Alabama,12/21/20,29250,29250
Alaska,12/21/20,0,0
American Samoa,12/21/20,0,0
Arizona,12/21/20,41925,41925
Arkansas,12/21/20,18525,18525
California,12/21/20,233025,233025
Chicago,12/21/20,16575,16575
Colorado,12/21/20,33150,33150
Connecticut,12/21/20,22425,22425
Delaware,12/21/20,5850,5850
District of Columbia,12/21/20,4875,4875
Federal Entities,12/21/20,102375,102375
Florida,12/21/20,127725,127725
Georgia,12/21/20,60450,60450
Guam,12/21/20,0,0
Hawaii,12/21/20,8775,8775
Idaho,12/21/20,9750,9750
Illinois,12/21/20,60450,60450
Indiana,12/21/20,39975,39975
Iowa,12/21/20,19500,19500
Kansas,12/21/20,17550,17550
Kentucky,12/21/20,27300,27300
Louisiana,12/21/20,28275,28275
Maine,12/21/20,8775,8775
Mariana Islands,12/21/20,0,0
Marshall Islands,12/21/20,0,0
Maryland,12/21/20,36075,36075
Massachusetts,12/21/20,42900,42900
Michigan,12/21/20,60450,60450
Micronesia,12/21/20,0,0
Minnesota,12/21/20,33150,33150
Mississippi,12/21/20,17550,17550
Missouri,12/21/20,37050,37050
Montana,12/21/20,6825,6825
Nebraska,12/21/20,11700,11700
Nevada,12/21/20,17550,17550
New Hampshire,12/21/20,8775,8775
New Jersey,12/21/20,53625,53625
New Mexico,12/21/20,12675,12675
New York,12/21/20,68250,68250
New York City,12/21/20,51675,51675
North Carolina,12/21/20,61425,61425
North Dakota,12/21/20,4875,4875
Ohio,12/21/20,70200,70200
Oklahoma,12/21/20,23400,23400
Oregon,12/21/20,25350,25350
Palau,12/21/20,0,0
Pennsylvania,12/21/20,69225,69225
Philadelphia,12/21/20,9750,9750
Puerto Rico,12/21/20,21450,21450
Rhode Island,12/21/20,6825,6825
South Carolina,12/21/20,30225,30225
South Dakota,12/21/20,5850,5850
Tennessee,12/21/20,39975,39975
Texas,12/21/20,159900,159900
U.S. Virgin Islands,12/21/20,975,975
Utah,12/21/20,16575,16575
Vermont,12/21/20,4875,4875
Virginia,12/21/20,50700,50700
Washington,12/21/20,44850,44850
West Virginia,12/21/20,11700,11700
Wisconsin,12/21/20,35100,35100
Wyoming,12/21/20,3900,3900
Alabama,12/14/20,40950,40950
Alaska,12/14/20,35100,35100
American Samoa,12/14/20,5850,0
Arizona,12/14/20,58500,58500
Arkansas,12/14/20,25350,25350
California,12/14/20,327600,327600
Chicago,12/14/20,23400,23400
Colorado,12/14/20,46800,46800
Connecticut,12/14/20,31200,31200
Delaware,12/14/20,8775,8775
District of Columbia,12/14/20,6825,6825
Federal Entities,12/14/20,156000,142350
Florida,12/14/20,179400,179400
Georgia,12/14/20,84825,84825
Guam,12/14/20,11700,0
Hawaii,12/14/20,12675,12675
Idaho,12/14/20,13650,13650
Illinois,12/14/20,85800,85800
Indiana,12/14/20,55575,55575
Iowa,12/14/20,26325,26325
Kansas,12/14/20,24375,24375
Kentucky,12/14/20,38025,38025
Louisiana,12/14/20,39000,39000
Maine,12/14/20,12675,12675
Mariana Islands,12/14/20,5850,0
Marshall Islands,12/14/20,0,0
Maryland,12/14/20,50700,50700
Massachusetts,12/14/20,59475,59475
Michigan,12/14/20,84825,84825
Micronesia,12/14/20,0,0
Minnesota,12/14/20,46800,46800
Mississippi,12/14/20,25350,25350
Missouri,12/14/20,51675,51675
Montana,12/14/20,9750,9750
Nebraska,12/14/20,16575,16575
Nevada,12/14/20,25350,25350
New Hampshire,12/14/20,12675,12675
New Jersey,12/14/20,76050,76050
New Mexico,12/14/20,17550,17550
New York,12/14/20,96525,96525
New York City,12/14/20,73125,73125
North Carolina,12/14/20,85800,85800
North Dakota,12/14/20,6825,6825
Ohio,12/14/20,98475,98475
Oklahoma,12/14/20,33150,33150
Oregon,12/14/20,35100,35100
Palau,12/14/20,0,0
Pennsylvania,12/14/20,97500,97500
Philadelphia,12/14/20,13650,13650
Puerto Rico,12/14/20,30225,30225
Rhode Island,12/14/20,9750,9750
South Carolina,12/14/20,42900,42900
South Dakota,12/14/20,7800,7800
Tennessee,12/14/20,56550,56550
Texas,12/14/20,224250,224250
U.S. Virgin Islands,12/14/20,975,975
Utah,12/14/20,23400,23400
Vermont,12/14/20,5850,5850
Virginia,12/14/20,72150,72150
Washington,12/14/20,62400,62400
West Virginia,12/14/20,16575,16575
Wisconsin,12/14/20,49725,49725
Wyoming,12/14/20,4875,4875